Source_System,Customer_ID,First_Name,Last_Name,Email,Mobile,DOB,Frequent_Flier_No
SRC3,SRC3_30000,Arjun,Singh,arjun.singh30000@gmail.com,9494009507,1998-10-01,FF7521
SRC3,SRC3_30001,Amit,Patel,amit.patel30001@gmail.com,9221814525,1986-03-13,FF1424
SRC3,SRC3_30002,Vikram,Gupta,vikram.gupta30002@gmail.com,9515524530,1998-03-23,FF2929
SRC3,SRC3_30003,Rohit,Patel,rohit.patel30003@gmail.com,9579182105,2006-07-31,FF4515
SRC3,SRC3_30004,Arjun,Patel,arjun.patel30004@gmail.com,9627422192,2006-02-17,FF4279
SRC3,SRC3_30005,Anita,Singh,anita.singh30005@gmail.com,9585377142,1978-04-28,FF3828
SRC3,SRC3_30006,Karan,Iyer,karan.iyer30006@gmail.com,9443154754,2005-08-03,FF6692
SRC3,SRC3_30007,Anita,Nair,anita.nair30007@gmail.com,9411774120,1999-04-27,FF5914
SRC3,SRC3_30008,Vikram,Singh,vikram.singh30008@gmail.com,9646272321,1991-03-20,FF4673
SRC3,SRC3_30009,Anita,Mehta,anita.mehta30009@gmail.com,9354193540,1981-03-25,FF9094
SRC3,SRC3_30010,Rahul,Kulkarni,rahul.kulkarni30010@gmail.com,9714478186,1999-11-08,FF7044
SRC3,SRC3_30011,Karan,Nair,karan.nair30011@gmail.com,9757074545,1980-10-27,FF2412
SRC3,SRC3_30012,Anita,Patel,anita.patel30012@gmail.com,9869801588,1992-11-10,FF8842
SRC3,SRC3_30013,Sneha,Reddy,sneha.reddy30013@gmail.com,9984053945,1993-05-14,FF2208
SRC3,SRC3_30014,Vikram,Kulkarni,vikram.kulkarni30014@gmail.com,9179634081,2003-10-25,FF8372
SRC3,SRC3_30015,Karan,Nair,karan.nair30015@gmail.com,9237798236,1990-06-15,FF3981
SRC3,SRC3_30016,Vikram,Reddy,vikram.reddy30016@gmail.com,9159499094,1997-07-22,FF3034
SRC3,SRC3_30017,Sneha,Singh,sneha.singh30017@gmail.com,9276799196,1988-08-22,FF3653
SRC3,SRC3_30018,Amit,Mehta,amit.mehta30018@gmail.com,9657162259,1990-07-10,FF5653
SRC3,SRC3_30019,Anita,Patel,anita.patel30019@gmail.com,9781887358,1983-10-22,FF5496
SRC3,SRC3_30020,Vikram,Patel,vikram.patel30020@gmail.com,9672817675,2002-07-24,FF2530
SRC3,SRC3_30021,Sneha,Singh,sneha.singh30021@gmail.com,9723464439,2001-07-19,FF3526
SRC3,SRC3_30022,Vikram,Das,vikram.das30022@gmail.com,9749762955,2007-04-29,FF6531
SRC3,SRC3_30023,Arjun,Sharma,arjun.sharma30023@gmail.com,9187212377,1976-04-09,FF1744
SRC3,SRC3_30024,Arjun,Patel,arjun.patel30024@gmail.com,9326353775,2004-03-17,FF7825
SRC3,SRC3_30025,Arjun,Sharma,arjun.sharma30025@gmail.com,9773412230,1997-05-04,FF9938
SRC3,SRC3_30026,Rohit,Patel,rohit.patel30026@gmail.com,9362935648,1996-08-30,FF7653
SRC3,SRC3_30027,Rohit,Gupta,rohit.gupta30027@gmail.com,9839393192,1978-04-10,FF1981
SRC3,SRC3_30028,Vikram,Gupta,vikram.gupta30028@gmail.com,9619960692,1993-08-23,FF8609
SRC3,SRC3_30029,Neha,Kulkarni,neha.kulkarni30029@gmail.com,9254263081,2002-03-19,FF6121
SRC3,SRC3_30030,Amit,Kulkarni,amit.kulkarni30030@gmail.com,9240409084,1992-11-19,FF7070
SRC3,SRC3_30031,Sneha,Nair,sneha.nair30031@gmail.com,9442648079,1979-10-06,FF4960
SRC3,SRC3_30032,Karan,Iyer,karan.iyer30032@gmail.com,9582750043,1986-12-31,FF5061
SRC3,SRC3_30033,Vikram,Iyer,vikram.iyer30033@gmail.com,9411612760,1977-04-09,FF7293
SRC3,SRC3_30034,Arjun,Reddy,arjun.reddy30034@gmail.com,9271476207,1986-02-19,FF6364
SRC3,SRC3_30035,Arjun,Kulkarni,arjun.kulkarni30035@gmail.com,9919395339,1983-07-08,FF3610
SRC3,SRC3_30036,Karan,Nair,karan.nair30036@gmail.com,9635539154,1995-12-10,FF6055
SRC3,SRC3_30037,Karan,Sharma,karan.sharma30037@gmail.com,9522240582,1979-01-15,FF9281
SRC3,SRC3_30038,Karan,Mehta,karan.mehta30038@gmail.com,9726360971,1984-08-25,FF6781
SRC3,SRC3_30039,Rahul,Sharma,rahul.sharma30039@gmail.com,9631388604,1987-08-15,FF8710
SRC3,SRC3_30040,Rohit,Nair,rohit.nair30040@gmail.com,9215424112,1975-05-14,FF8060
SRC3,SRC3_30041,Vikram,Patel,vikram.patel30041@gmail.com,9492750748,2007-08-20,FF7606
SRC3,SRC3_30042,Amit,Sharma,amit.sharma30042@gmail.com,9154930149,1992-12-20,FF4189
SRC3,SRC3_30043,Amit,Nair,amit.nair30043@gmail.com,9178954113,1987-12-12,FF7329
SRC3,SRC3_30044,Sneha,Gupta,sneha.gupta30044@gmail.com,9400347789,1999-08-31,FF2946
SRC3,SRC3_30045,Vikram,Iyer,vikram.iyer30045@gmail.com,9500718660,1992-09-01,FF6555
SRC3,SRC3_30046,Sneha,Kulkarni,sneha.kulkarni30046@gmail.com,9313736772,1981-06-21,FF9341
SRC3,SRC3_30047,Priya,Nair,priya.nair30047@gmail.com,9148644109,1976-10-21,FF1637
SRC3,SRC3_30048,Vikram,Kulkarni,vikram.kulkarni30048@gmail.com,9657629251,1996-04-01,FF8487
SRC3,SRC3_30049,Vikram,Das,vikram.das30049@gmail.com,9250088694,1998-02-15,FF6373
SRC3,SRC3_30050,Arjun,Kulkarni,arjun.kulkarni30050@gmail.com,9521931770,1982-04-16,FF5902
SRC3,SRC3_30051,Arjun,Kulkarni,arjun.kulkarni30051@gmail.com,9989368954,1997-10-03,FF9351
SRC3,SRC3_30052,Sneha,Gupta,sneha.gupta30052@gmail.com,9704435323,2006-10-16,FF5911
SRC3,SRC3_30053,Karan,Sharma,karan.sharma30053@gmail.com,9455665802,1991-07-11,FF2795
SRC3,SRC3_30054,Priya,Das,priya.das30054@gmail.com,9955508961,1988-10-19,FF1436
SRC3,SRC3_30055,Arjun,Gupta,arjun.gupta30055@gmail.com,9803935444,1986-11-29,FF4728
SRC3,SRC3_30056,Rahul,Das,rahul.das30056@gmail.com,9283085932,1996-07-20,FF9589
SRC3,SRC3_30057,Arjun,Reddy,arjun.reddy30057@gmail.com,9982252092,1981-08-18,FF4968
SRC3,SRC3_30058,Rahul,Das,rahul.das30058@gmail.com,9217999418,2006-06-04,FF4125
SRC3,SRC3_30059,Rahul,Gupta,rahul.gupta30059@gmail.com,9549661921,1989-01-26,FF3481
SRC3,SRC3_30060,Priya,Mehta,priya.mehta30060@gmail.com,9638824588,1993-05-29,FF8726
SRC3,SRC3_30061,Rahul,Singh,rahul.singh30061@gmail.com,9322631460,1998-04-08,FF6325
SRC3,SRC3_30062,Karan,Nair,karan.nair30062@gmail.com,9436889280,1991-11-26,FF3837
SRC3,SRC3_30063,Karan,Nair,karan.nair30063@gmail.com,9686556403,1990-05-10,FF6804
SRC3,SRC3_30064,Rohit,Das,rohit.das30064@gmail.com,9306442077,1996-09-19,FF5038
SRC3,SRC3_30065,Rohit,Nair,rohit.nair30065@gmail.com,9341449138,1988-05-22,FF5876
SRC3,SRC3_30066,Rohit,Mehta,rohit.mehta30066@gmail.com,9856975382,2005-12-17,FF9011
SRC3,SRC3_30067,Amit,Gupta,amit.gupta30067@gmail.com,9701818966,1990-08-24,FF5480
SRC3,SRC3_30068,Rohit,Iyer,rohit.iyer30068@gmail.com,9826517607,2000-09-21,FF9899
SRC3,SRC3_30069,Priya,Reddy,priya.reddy30069@gmail.com,9930071496,1990-06-25,FF3399
SRC3,SRC3_30070,Rohit,Sharma,rohit.sharma30070@gmail.com,9866803374,1987-11-26,FF2294
SRC3,SRC3_30071,Amit,Gupta,amit.gupta30071@gmail.com,9375354619,2004-06-04,FF8849
SRC3,SRC3_30072,Neha,Mehta,neha.mehta30072@gmail.com,9391126537,1999-02-28,FF5450
SRC3,SRC3_30073,Vikram,Iyer,vikram.iyer30073@gmail.com,9895525625,2002-08-14,FF4920
SRC3,SRC3_30074,Neha,Sharma,neha.sharma30074@gmail.com,9670201461,2005-01-17,FF4697
SRC3,SRC3_30075,Neha,Sharma,neha.sharma30075@gmail.com,9543778963,1979-06-30,FF6411
SRC3,SRC3_30076,Karan,Iyer,karan.iyer30076@gmail.com,9927603754,2005-07-22,FF3252
SRC3,SRC3_30077,Rahul,Nair,rahul.nair30077@gmail.com,9536913550,1982-01-31,FF8793
SRC3,SRC3_30078,Karan,Mehta,karan.mehta30078@gmail.com,9444851196,1987-11-20,FF5676
SRC3,SRC3_30079,Rahul,Iyer,rahul.iyer30079@gmail.com,9716470999,2004-04-05,FF4804
SRC3,SRC3_30080,Sneha,Sharma,sneha.sharma30080@gmail.com,9548700579,1982-11-08,FF3880
SRC3,SRC3_30081,Rahul,Reddy,rahul.reddy30081@gmail.com,9300050585,1997-03-22,FF5742
SRC3,SRC3_30082,Rahul,Sharma,rahul.sharma30082@gmail.com,9709844411,1988-05-20,FF2758
SRC3,SRC3_30083,Amit,Patel,amit.patel30083@gmail.com,9788603957,1995-05-20,FF9901
SRC3,SRC3_30084,Sneha,Gupta,sneha.gupta30084@gmail.com,9641394238,1981-01-07,FF8668
SRC3,SRC3_30085,Rohit,Mehta,rohit.mehta30085@gmail.com,9455069350,1980-01-20,FF3662
SRC3,SRC3_30086,Karan,Patel,karan.patel30086@gmail.com,9299929730,2007-03-27,FF1230
SRC3,SRC3_30087,Amit,Patel,amit.patel30087@gmail.com,9824132709,2000-06-20,FF4164
SRC3,SRC3_30088,Vikram,Das,vikram.das30088@gmail.com,9535391971,2003-08-26,FF8007
SRC3,SRC3_30089,Sneha,Kulkarni,sneha.kulkarni30089@gmail.com,9530391423,1978-11-22,FF2562
SRC3,SRC3_30090,Vikram,Singh,vikram.singh30090@gmail.com,9447464644,1996-06-01,FF5064
SRC3,SRC3_30091,Rahul,Patel,rahul.patel30091@gmail.com,9352889019,1992-03-16,FF8319
SRC3,SRC3_30092,Rohit,Kulkarni,rohit.kulkarni30092@gmail.com,9725412469,1988-07-18,FF1187
SRC3,SRC3_30093,Rohit,Kulkarni,rohit.kulkarni30093@gmail.com,9353727962,2006-01-28,FF2017
SRC3,SRC3_30094,Anita,Gupta,anita.gupta30094@gmail.com,9271494637,1988-10-05,FF7642
SRC3,SRC3_30095,Sneha,Patel,sneha.patel30095@gmail.com,9226074193,2005-12-18,FF5833
SRC3,SRC3_30096,Amit,Das,amit.das30096@gmail.com,9335287540,1984-11-27,FF3188
SRC3,SRC3_30097,Karan,Singh,karan.singh30097@gmail.com,9902874167,1995-05-30,FF7121
SRC3,SRC3_30098,Priya,Nair,priya.nair30098@gmail.com,9913198930,1996-02-14,FF9806
SRC3,SRC3_30099,Neha,Mehta,neha.mehta30099@gmail.com,9910395417,2005-07-08,FF2341
SRC3,SRC3_30100,Sneha,Gupta,sneha.gupta30100@gmail.com,9855663125,1998-09-10,FF6927
SRC3,SRC3_30101,Anita,Das,anita.das30101@gmail.com,9166312199,1980-01-13,FF9972
SRC3,SRC3_30102,Sneha,Mehta,sneha.mehta30102@gmail.com,9676234459,2000-09-09,FF3455
SRC3,SRC3_30103,Vikram,Kulkarni,vikram.kulkarni30103@gmail.com,9574422684,1998-05-05,FF2904
SRC3,SRC3_30104,Neha,Das,neha.das30104@gmail.com,9197647841,1996-12-04,FF9361
SRC3,SRC3_30105,Karan,Sharma,karan.sharma30105@gmail.com,9241674152,1995-05-05,FF9409
SRC3,SRC3_30106,Priya,Gupta,priya.gupta30106@gmail.com,9161994392,2000-04-18,FF8575
SRC3,SRC3_30107,Rohit,Sharma,rohit.sharma30107@gmail.com,9373221357,1992-10-05,FF1049
SRC3,SRC3_30108,Neha,Das,neha.das30108@gmail.com,9148629555,1978-04-11,FF7941
SRC3,SRC3_30109,Amit,Iyer,amit.iyer30109@gmail.com,9164698991,1999-04-11,FF2130
SRC3,SRC3_30110,Karan,Sharma,karan.sharma30110@gmail.com,9539017530,1987-11-17,FF3948
SRC3,SRC3_30111,Vikram,Reddy,vikram.reddy30111@gmail.com,9510684364,1991-10-19,FF8348
SRC3,SRC3_30112,Priya,Reddy,priya.reddy30112@gmail.com,9833076128,1978-08-07,FF9835
SRC3,SRC3_30113,Vikram,Kulkarni,vikram.kulkarni30113@gmail.com,9291634595,1980-04-27,FF9802
SRC3,SRC3_30114,Priya,Nair,priya.nair30114@gmail.com,9881531720,1980-09-17,FF4648
SRC3,SRC3_30115,Rahul,Sharma,rahul.sharma30115@gmail.com,9597146648,1988-05-20,FF9920
SRC3,SRC3_30116,Priya,Nair,priya.nair30116@gmail.com,9984076542,1992-01-06,FF4762
SRC3,SRC3_30117,Neha,Gupta,neha.gupta30117@gmail.com,9266560311,1990-07-12,FF5516
SRC3,SRC3_30118,Neha,Iyer,neha.iyer30118@gmail.com,9969170578,1976-06-11,FF7868
SRC3,SRC3_30119,Arjun,Sharma,arjun.sharma30119@gmail.com,9321278458,1985-10-18,FF2102
SRC3,SRC3_30120,Anita,Das,anita.das30120@gmail.com,9579362443,1976-07-04,FF1797
SRC3,SRC3_30121,Neha,Sharma,neha.sharma30121@gmail.com,9571332733,1993-01-16,FF4839
SRC3,SRC3_30122,Sneha,Mehta,sneha.mehta30122@gmail.com,9250469429,1977-07-13,FF9255
SRC3,SRC3_30123,Rohit,Mehta,rohit.mehta30123@gmail.com,9718593766,2007-10-25,FF6224
SRC3,SRC3_30124,Arjun,Das,arjun.das30124@gmail.com,9978731508,2005-03-02,FF6253
SRC3,SRC3_30125,Neha,Patel,neha.patel30125@gmail.com,9808897689,1981-06-05,FF9540
SRC3,SRC3_30126,Neha,Reddy,neha.reddy30126@gmail.com,9395444277,1988-06-24,FF1998
SRC3,SRC3_30127,Sneha,Das,sneha.das30127@gmail.com,9772155012,1982-11-09,FF7999
SRC3,SRC3_30128,Sneha,Gupta,sneha.gupta30128@gmail.com,9469812603,1977-02-07,FF7244
SRC3,SRC3_30129,Sneha,Kulkarni,sneha.kulkarni30129@gmail.com,9547025173,2006-03-27,FF7688
SRC3,SRC3_30130,Vikram,Patel,vikram.patel30130@gmail.com,9297438548,1991-11-20,FF9813
SRC3,SRC3_30131,Karan,Mehta,karan.mehta30131@gmail.com,9422913264,1985-02-09,FF3365
SRC3,SRC3_30132,Karan,Sharma,karan.sharma30132@gmail.com,9543109075,2000-03-24,FF7824
SRC3,SRC3_30133,Sneha,Nair,sneha.nair30133@gmail.com,9517061783,1981-01-05,FF4978
SRC3,SRC3_30134,Rohit,Mehta,rohit.mehta30134@gmail.com,9794395127,1989-10-25,FF2295
SRC3,SRC3_30135,Karan,Kulkarni,karan.kulkarni30135@gmail.com,9675134276,1979-02-23,FF4120
SRC3,SRC3_30136,Rahul,Patel,rahul.patel30136@gmail.com,9823349713,1991-12-02,FF1647
SRC3,SRC3_30137,Anita,Mehta,anita.mehta30137@gmail.com,9877716824,2001-05-10,FF4555
SRC3,SRC3_30138,Karan,Mehta,karan.mehta30138@gmail.com,9425545658,1989-12-08,FF1251
SRC3,SRC3_30139,Neha,Mehta,neha.mehta30139@gmail.com,9901955461,1980-04-06,FF8846
SRC3,SRC3_30140,Neha,Das,neha.das30140@gmail.com,9319594317,2006-07-27,FF7498
SRC3,SRC3_30141,Neha,Nair,neha.nair30141@gmail.com,9932701695,1989-06-05,FF5637
SRC3,SRC3_30142,Priya,Gupta,priya.gupta30142@gmail.com,9796559239,1998-12-09,FF6886
SRC3,SRC3_30143,Rohit,Patel,rohit.patel30143@gmail.com,9650632566,1991-02-18,FF9147
SRC3,SRC3_30144,Karan,Iyer,karan.iyer30144@gmail.com,9604111500,2007-05-29,FF6246
SRC3,SRC3_30145,Neha,Kulkarni,neha.kulkarni30145@gmail.com,9544454140,1989-01-13,FF1749
SRC3,SRC3_30146,Arjun,Mehta,arjun.mehta30146@gmail.com,9117415986,1981-07-18,FF5272
SRC3,SRC3_30147,Sneha,Das,sneha.das30147@gmail.com,9873106931,2000-12-23,FF7841
SRC3,SRC3_30148,Rohit,Singh,rohit.singh30148@gmail.com,9454190155,1983-10-20,FF4768
SRC3,SRC3_30149,Priya,Das,priya.das30149@gmail.com,9636120880,1986-01-09,FF6530
SRC3,SRC3_30150,Rohit,Gupta,rohit.gupta30150@gmail.com,9789014168,2007-06-16,FF9037
SRC3,SRC3_30151,Karan,Singh,karan.singh30151@gmail.com,9281747678,1990-10-19,FF3293
SRC3,SRC3_30152,Sneha,Gupta,sneha.gupta30152@gmail.com,9682115008,1983-04-04,FF1962
SRC3,SRC3_30153,Sneha,Sharma,sneha.sharma30153@gmail.com,9978316418,1978-05-02,FF1794
SRC3,SRC3_30154,Rahul,Reddy,rahul.reddy30154@gmail.com,9777210736,1981-03-02,FF4791
SRC3,SRC3_30155,Anita,Singh,anita.singh30155@gmail.com,9334848459,1975-05-30,FF9285
SRC3,SRC3_30156,Karan,Kulkarni,karan.kulkarni30156@gmail.com,9763395529,1977-09-17,FF8916
SRC3,SRC3_30157,Karan,Sharma,karan.sharma30157@gmail.com,9671458801,1975-04-19,FF7739
SRC3,SRC3_30158,Rahul,Sharma,rahul.sharma30158@gmail.com,9875448533,1998-09-30,FF5501
SRC3,SRC3_30159,Sneha,Patel,sneha.patel30159@gmail.com,9639250352,1975-10-08,FF8054
SRC3,SRC3_30160,Vikram,Iyer,vikram.iyer30160@gmail.com,9663054538,1979-04-28,FF3439
SRC3,SRC3_30161,Neha,Mehta,neha.mehta30161@gmail.com,9665277813,2002-10-20,FF5135
SRC3,SRC3_30162,Amit,Patel,amit.patel30162@gmail.com,9184846271,1992-10-20,FF7112
SRC3,SRC3_30163,Priya,Gupta,priya.gupta30163@gmail.com,9361142486,2000-05-05,FF4700
SRC3,SRC3_30164,Rohit,Iyer,rohit.iyer30164@gmail.com,9797818850,2004-04-28,FF1519
SRC3,SRC3_30165,Anita,Reddy,anita.reddy30165@gmail.com,9504982743,1992-01-05,FF8798
SRC3,SRC3_30166,Rahul,Sharma,rahul.sharma30166@gmail.com,9284021712,2006-07-12,FF2354
SRC3,SRC3_30167,Karan,Reddy,karan.reddy30167@gmail.com,9942217648,2003-12-06,FF6427
SRC3,SRC3_30168,Arjun,Iyer,arjun.iyer30168@gmail.com,9145689604,1998-09-10,FF4764
SRC3,SRC3_30169,Neha,Das,neha.das30169@gmail.com,9391086098,1996-04-30,FF1762
SRC3,SRC3_30170,Anita,Patel,anita.patel30170@gmail.com,9705064109,1999-05-12,FF1539
SRC3,SRC3_30171,Vikram,Kulkarni,vikram.kulkarni30171@gmail.com,9322434334,1975-09-14,FF3362
SRC3,SRC3_30172,Priya,Iyer,priya.iyer30172@gmail.com,9274429624,1988-06-04,FF4939
SRC3,SRC3_30173,Arjun,Reddy,arjun.reddy30173@gmail.com,9680424495,2005-05-15,FF6435
SRC3,SRC3_30174,Priya,Singh,priya.singh30174@gmail.com,9877564713,2005-12-02,FF2284
SRC3,SRC3_30175,Sneha,Kulkarni,sneha.kulkarni30175@gmail.com,9204889313,1977-05-29,FF8161
SRC3,SRC3_30176,Neha,Iyer,neha.iyer30176@gmail.com,9749794986,1990-04-12,FF7499
SRC3,SRC3_30177,Amit,Sharma,amit.sharma30177@gmail.com,9393482659,2003-06-12,FF8381
SRC3,SRC3_30178,Karan,Mehta,karan.mehta30178@gmail.com,9693819730,1990-12-17,FF7150
SRC3,SRC3_30179,Priya,Singh,priya.singh30179@gmail.com,9729078621,2005-06-28,FF7227
SRC3,SRC3_30180,Anita,Das,anita.das30180@gmail.com,9956905222,1988-04-01,FF5037
SRC3,SRC3_30181,Anita,Iyer,anita.iyer30181@gmail.com,9265593497,1987-01-08,FF7225
SRC3,SRC3_30182,Vikram,Reddy,vikram.reddy30182@gmail.com,9487298927,1989-03-16,FF2745
SRC3,SRC3_30183,Anita,Sharma,anita.sharma30183@gmail.com,9577531502,1988-10-29,FF6896
SRC3,SRC3_30184,Rohit,Iyer,rohit.iyer30184@gmail.com,9193734690,1980-12-10,FF4070
SRC3,SRC3_30185,Priya,Gupta,priya.gupta30185@gmail.com,9695647539,1999-12-26,FF9395
SRC3,SRC3_30186,Priya,Iyer,priya.iyer30186@gmail.com,9196227496,1976-03-06,FF6798
SRC3,SRC3_30187,Sneha,Iyer,sneha.iyer30187@gmail.com,9742144634,2001-10-11,FF6315
SRC3,SRC3_30188,Priya,Sharma,priya.sharma30188@gmail.com,9544325176,1988-02-03,FF7353
SRC3,SRC3_30189,Anita,Nair,anita.nair30189@gmail.com,9714137833,1985-11-21,FF9537
SRC3,SRC3_30190,Vikram,Reddy,vikram.reddy30190@gmail.com,9249078381,1982-08-09,FF5405
SRC3,SRC3_30191,Rohit,Patel,rohit.patel30191@gmail.com,9256696327,1997-02-13,FF2036
SRC3,SRC3_30192,Vikram,Reddy,vikram.reddy30192@gmail.com,9552155193,1987-05-19,FF5911
SRC3,SRC3_30193,Karan,Iyer,karan.iyer30193@gmail.com,9370260533,1991-03-14,FF5040
SRC3,SRC3_30194,Karan,Das,karan.das30194@gmail.com,9309968304,2002-08-30,FF8501
SRC3,SRC3_30195,Anita,Singh,anita.singh30195@gmail.com,9107266407,1988-08-31,FF7483
SRC3,SRC3_30196,Amit,Das,amit.das30196@gmail.com,9963370520,1992-01-16,FF6399
SRC3,SRC3_30197,Karan,Kulkarni,karan.kulkarni30197@gmail.com,9975610118,1994-04-26,FF3230
SRC3,SRC3_30198,Rohit,Kulkarni,rohit.kulkarni30198@gmail.com,9846564420,2002-01-22,FF4290
SRC3,SRC3_30199,Karan,Kulkarni,karan.kulkarni30199@gmail.com,9527606494,1982-12-20,FF6228
